{
    "name": "root",
    "gauges": {
        "VoiceRLAgent.Policy.Entropy.mean": {
            "value": 1.4265174865722656,
            "min": 1.416557788848877,
            "max": 1.4265174865722656,
            "count": 9
        },
        "VoiceRLAgent.Policy.Entropy.sum": {
            "value": 2921.5078125,
            "min": 2725.29931640625,
            "max": 2921.5078125,
            "count": 9
        },
        "VoiceRLAgent.Step.mean": {
            "value": 17920.0,
            "min": 1920.0,
            "max": 17920.0,
            "count": 9
        },
        "VoiceRLAgent.Step.sum": {
            "value": 17920.0,
            "min": 1920.0,
            "max": 17920.0,
            "count": 9
        },
        "VoiceRLAgent.Policy.ExtrinsicValueEstimate.mean": {
            "value": 0.3069044053554535,
            "min": 0.3069044053554535,
            "max": 6.423481464385986,
            "count": 9
        },
        "VoiceRLAgent.Policy.ExtrinsicValueEstimate.sum": {
            "value": 4.910470485687256,
            "min": 4.910470485687256,
            "max": 96.35221862792969,
            "count": 9
        },
        "VoiceRLAgent.IsTraining.mean": {
            "value": 1.0,
            "min": 1.0,
            "max": 1.0,
            "count": 9
        },
        "VoiceRLAgent.IsTraining.sum": {
            "value": 1.0,
            "min": 1.0,
            "max": 1.0,
            "count": 9
        },
        "VoiceRLAgent.Losses.PolicyLoss.mean": {
            "value": 0.10317646277447541,
            "min": 0.08906885608117662,
            "max": 0.10543156082869745,
            "count": 8
        },
        "VoiceRLAgent.Losses.PolicyLoss.sum": {
            "value": 0.10317646277447541,
            "min": 0.08906885608117662,
            "max": 0.10543156082869745,
            "count": 8
        },
        "VoiceRLAgent.Losses.ValueLoss.mean": {
            "value": 0.0003186582848595172,
            "min": 0.0003186582848595172,
            "max": 62.58138741165692,
            "count": 8
        },
        "VoiceRLAgent.Losses.ValueLoss.sum": {
            "value": 0.0003186582848595172,
            "min": 0.0003186582848595172,
            "max": 62.58138741165692,
            "count": 8
        },
        "VoiceRLAgent.Policy.LearningRate.mean": {
            "value": 0.0002895552034816,
            "min": 0.0002895552034816,
            "max": 0.0002986944004352001,
            "count": 8
        },
        "VoiceRLAgent.Policy.LearningRate.sum": {
            "value": 0.0002895552034816,
            "min": 0.0002895552034816,
            "max": 0.0002986944004352001,
            "count": 8
        },
        "VoiceRLAgent.Policy.Epsilon.mean": {
            "value": 0.19651839999999993,
            "min": 0.19651839999999993,
            "max": 0.19956480000000013,
            "count": 8
        },
        "VoiceRLAgent.Policy.Epsilon.sum": {
            "value": 0.19651839999999993,
            "min": 0.19651839999999993,
            "max": 0.19956480000000013,
            "count": 8
        },
        "VoiceRLAgent.Policy.Beta.mean": {
            "value": 0.00048294015999999996,
            "min": 0.00048294015999999996,
            "max": 0.0004978675200000001,
            "count": 8
        },
        "VoiceRLAgent.Policy.Beta.sum": {
            "value": 0.00048294015999999996,
            "min": 0.00048294015999999996,
            "max": 0.0004978675200000001,
            "count": 8
        }
    },
    "metadata": {
        "timer_format_version": "0.1.0",
        "start_time_seconds": "1764863740",
        "python_version": "3.9.6 (default, Apr 30 2025, 02:07:17) \n[Clang 17.0.0 (clang-1700.0.13.5)]",
        "command_line_arguments": "/Users/shashwatchandwadkar/Library/Python/3.9/bin/mlagents-learn ./voice_rl_config.yaml --run-id=voice_run_017 --train",
        "mlagents_version": "0.30.0",
        "mlagents_envs_version": "0.30.0",
        "communication_protocol_version": "1.5.0",
        "pytorch_version": "1.11.0",
        "numpy_version": "1.21.2",
        "end_time_seconds": "1764863854"
    },
    "total": 113.818546709,
    "count": 1,
    "self": 0.003542499999994675,
    "children": {
        "run_training.setup": {
            "total": 0.02059741699999995,
            "count": 1,
            "self": 0.02059741699999995
        },
        "TrainerController.start_learning": {
            "total": 113.794406792,
            "count": 1,
            "self": 0.0971979909998737,
            "children": {
                "TrainerController._reset_env": {
                    "total": 13.180854792,
                    "count": 1,
                    "self": 13.180854792
                },
                "TrainerController.advance": {
                    "total": 100.41802992600012,
                    "count": 19516,
                    "self": 0.10057892500014987,
                    "children": {
                        "env_step": {
                            "total": 98.13184389499997,
                            "count": 19516,
                            "self": 95.89022152500048,
                            "children": {
                                "SubprocessEnvManager._take_step": {
                                    "total": 2.1704288059998316,
                                    "count": 19516,
                                    "self": 0.21346223500008676,
                                    "children": {
                                        "TorchPolicy.evaluate": {
                                            "total": 1.9569665709997448,
                                            "count": 19516,
                                            "self": 1.9569665709997448
                                        }
                                    }
                                },
                                "workers": {
                                    "total": 0.07119356399965682,
                                    "count": 19515,
                                    "self": 0.0,
                                    "children": {
                                        "worker_root": {
                                            "total": 39.33708768899976,
                                            "count": 19515,
                                            "is_parallel": true,
                                            "self": 8.431185008999961,
                                            "children": {
                                                "steps_from_proto": {
                                                    "total": 0.005900374999999514,
                                                    "count": 1,
                                                    "is_parallel": true,
                                                    "self": 0.00016329299999817692,
                                                    "children": {
                                                        "_process_rank_one_or_two_observation": {
                                                            "total": 0.005737082000001337,
                                                            "count": 2,
                                                            "is_parallel": true,
                                                            "self": 0.005737082000001337
                                                        }
                                                    }
                                                },
                                                "UnityEnvironment.step": {
                                                    "total": 30.9000023049998,
                                                    "count": 19515,
                                                    "is_parallel": true,
                                                    "self": 0.30744122799880813,