{
    "name": "root",
    "metadata": {
        "timer_format_version": "0.1.0",
        "start_time_seconds": "1764795175",
        "python_version": "3.9.6 (default, Apr 30 2025, 02:07:17) \n[Clang 17.0.0 (clang-1700.0.13.5)]",
        "command_line_arguments": "/Users/shashwatchandwadkar/Library/Python/3.9/bin/mlagents-learn ./voice_rl_config.yaml --run-id=voice_run_001 --train",
        "mlagents_version": "0.30.0",
        "mlagents_envs_version": "0.30.0",
        "communication_protocol_version": "1.5.0",
        "pytorch_version": "1.11.0",
        "numpy_version": "1.21.2",
        "end_time_seconds": "1764795303"
    },
    "total": 127.996176667,
    "count": 1,
    "self": 10.006704791999994,
    "children": {
        "run_training.setup": {
            "total": 0.024584999999999968,
            "count": 1,
            "self": 0.024584999999999968
        },
        "TrainerController.start_learning": {
            "total": 117.964886875,
            "count": 1,
            "self": 0.01207370099969296,
            "children": {
                "TrainerController._reset_env": {
                    "total": 11.925834958,
                    "count": 1,
                    "self": 11.925834958
                },
                "TrainerController.advance": {
                    "total": 105.91065629900032,
                    "count": 1516,
                    "self": 0.010673943000540476,
                    "children": {
                        "env_step": {
                            "total": 105.84139947899993,
                            "count": 1516,
                            "self": 105.23078113499989,
                            "children": {
                                "SubprocessEnvManager._take_step": {
                                    "total": 0.6027673110000276,
                                    "count": 1517,
                                    "self": 0.02301689400004925,
                                    "children": {
                                        "TorchPolicy.evaluate": {
                                            "total": 0.5797504169999783,
                                            "count": 1517,
                                            "self": 0.5797504169999783
                                        }
                                    }
                                },
                                "workers": {
                                    "total": 0.007851033000019214,
                                    "count": 1515,
                                    "self": 0.0,
                                    "children": {
                                        "worker_root": {
                                            "total": 13.580853532999974,
                                            "count": 1515,
                                            "is_parallel": true,
                                            "self": 1.2010210010000577,
                                            "children": {
                                                "steps_from_proto": {
                                                    "total": 0.016243875999997215,
                                                    "count": 2,
                                                    "is_parallel": true,
                                                    "self": 0.0017057099999995273,
                                                    "children": {
                                                        "_process_rank_one_or_two_observation": {
                                                            "total": 0.014538165999997688,
                                                            "count": 4,
                                                            "is_parallel": true,
                                                            "self": 0.014538165999997688
                                                        }
                                                    }
                                                },
                                                "UnityEnvironment.step": {
                                                    "total": 12.36358865599992,
                                                    "count": 1515,
                                                    "is_parallel": true,
                                                    "self": 0.03333549399996549,
                                                    "children": {
                                                        "UnityEnvironment._generate_step_input": {
                                                            "total": 0.07857550299993754,
                                                            "count": 1515,
                                                            "is_parallel": true,
                                                            "self": 0.07857550299993754
                                                        },
                                                        "communicator.exchange": {
                                                            "total": 12.115840688000059,
                                                            "count": 1515,
                                                            "is_parallel": true,
                                                            "self": 12.115840688000059
                                                        },
                                                        "steps_from_proto": {
                                                            "total": 0.13583697099995717,
                                                            "count": 1515,
                                                            "is_parallel": true,
                                                            "self": 0.0832381829999509,
                                                            "children": {
                                                                "_process_rank_one_or_two_observation": {
                                                                    "total": 0.05259878800000628,
                                                                    "count": 3030,
                                                                    "is_parallel": true,
                                                                    "self": 0.05259878800000628
                                                                }
                                                            }
                                                        }
                                                    }
                                                }
                                            }
                                        }
                                    }
                                }
                            }
                        },
                        "trainer_advance": {
                            "total": 0.05858287699984466,
                            "count": 1515,
                            "self": 0.014363257999939094,
                            "children": {
                                "process_trajectory": {
                                    "total": 0.04421961899990556,
                                    "count": 1515,
                                    "self": 0.04421961899990556
                                }
                            }
                        }
                    }
                },
                "trainer_threads": {
                    "total": 7.49999998106432e-07,
                    "count": 1,
                    "self": 7.49999998106432e-07
                },
                "TrainerController._save_models": {
                    "total": 0.11632116699999528,
                    "count": 1,
                    "self": 0.0005657509999963395,